title,link,phone,email
Delhi Tourism (@delhitourism_official),https://www.instagram.com/delhitourism_official/,N/A,tourism@delhitourism.gov.in
DPAULS TRAVEL (@dpaulstravel),https://www.instagram.com/dpaulstravel/,N/A,N/A
TravelCliq | Best Travel Agency in Delhi (@travel.cliq),https://www.instagram.com/travel.cliq/,N/A,N/A
Victoria Exotica Pvt Ltd (@victoriatravels.delhi),https://www.instagram.com/victoriatravels.delhi/,"('999', '')",N/A
TRAVEL HUB INDIA (@trave.lhubindia),https://www.instagram.com/trave.lhubindia/,N/A,N/A
Visit Delhi (@visit.delhi) • Instagram photos and videos,https://www.instagram.com/visit.delhi/,N/A,N/A
Abhishek Sharma (@abhishek.delhi.travels),https://www.instagram.com/abhishek.delhi.travels/,N/A,N/A
Go4Explore™ Travel Community | Group Trips from Delhi ...,https://www.instagram.com/go4explore.community/p/Czsi9EDJ54i/,N/A,N/A
Exploring where I take rest from my travel life And it's Delhi ...,https://www.instagram.com/thesunshineladki/reel/CtoEw-0p1v4/,N/A,N/A
